id,y
40000,0
40001,1
40002,1
40003,1
40004,0
40005,1
40006,0
40007,0
40008,1
40009,1
40010,1
40011,1
40012,0
40013,0
40014,1
40015,1
40016,1
40017,1
40018,0
40019,0
40020,0
40021,1
40022,0
40023,0
40024,0
40025,1
40026,1
40027,1
40028,1
40029,0
40030,1
40031,1
40032,0
40033,1
40034,1
40035,0
40036,0
40037,1
40038,0
40039,1
40040,1
40041,0
40042,1
40043,0
40044,1
40045,0
40046,0
40047,1
40048,1
40049,1
40050,1
40051,1
40052,0
40053,1
40054,0
40055,1
40056,1
40057,1
40058,0
40059,0
40060,0
40061,0
40062,1
40063,1
40064,0
40065,1
40066,1
40067,0
40068,1
40069,0
40070,1
40071,1
40072,1
40073,1
40074,0
40075,1
40076,1
40077,0
40078,0
40079,0
40080,1
40081,1
40082,1
40083,1
40084,1
40085,1
40086,1
40087,1
40088,1
40089,0
40090,1
40091,0
40092,1
40093,0
40094,0
40095,0
40096,0
40097,0
40098,1
40099,1
40100,0
40101,1
40102,0
40103,1
40104,1
40105,1
40106,1
40107,0
40108,0
40109,1
40110,0
40111,0
40112,0
40113,0
40114,0
40115,1
40116,1
40117,0
40118,1
40119,0
40120,1
40121,1
40122,1
40123,0
40124,1
40125,0
40126,1
40127,1
40128,0
40129,0
40130,1
40131,1
40132,0
40133,1
40134,1
40135,1
40136,0
40137,1
40138,0
40139,1
40140,1
40141,1
40142,1
40143,1
40144,0
40145,0
40146,0
40147,0
40148,0
40149,0
40150,0
40151,0
40152,1
40153,0
40154,0
40155,0
40156,1
40157,1
40158,0
40159,1
40160,0
40161,1
40162,1
40163,1
40164,0
40165,1
40166,1
40167,0
40168,0
40169,0
40170,1
40171,0
40172,1
40173,1
40174,1
40175,1
40176,1
40177,0
40178,1
40179,0
40180,1
40181,0
40182,1
40183,0
40184,1
40185,0
40186,1
40187,1
40188,0
40189,1
40190,1
40191,0
40192,1
40193,1
40194,1
40195,0
40196,0
40197,0
40198,1
40199,1
40200,1
40201,1
40202,1
40203,0
40204,0
40205,0
40206,1
40207,1
40208,1
40209,1
40210,0
40211,0
40212,0
40213,0
40214,1
40215,0
40216,0
40217,1
40218,1
40219,1
40220,1
40221,0
40222,1
40223,0
40224,0
40225,1
40226,1
40227,1
40228,0
40229,0
40230,0
40231,0
40232,1
40233,0
40234,1
40235,0
40236,1
40237,1
40238,1
40239,0
40240,1
40241,1
40242,0
40243,0
40244,0
40245,1
40246,1
40247,0
40248,1
40249,1
40250,0
40251,1
40252,1
40253,0
40254,1
40255,1
40256,0
40257,1
40258,1
40259,1
40260,0
40261,0
40262,1
40263,1
40264,1
40265,0
40266,1
40267,1
40268,1
40269,1
40270,1
40271,1
40272,0
40273,1
40274,0
40275,0
40276,0
40277,0
40278,0
40279,1
40280,0
40281,1
40282,0
40283,1
40284,0
40285,1
40286,1
40287,0
40288,0
40289,0
40290,0
40291,1
40292,0
40293,1
40294,1
40295,0
40296,0
40297,0
40298,1
40299,1
40300,0
40301,0
40302,0
40303,0
40304,0
40305,0
40306,1
40307,0
40308,1
40309,0
40310,0
40311,0
40312,1
40313,0
40314,0
40315,1
40316,1
40317,1
40318,0
40319,1
40320,1
40321,0
40322,0
40323,1
40324,1
40325,0
40326,0
40327,0
40328,0
40329,1
40330,1
40331,0
40332,0
40333,1
40334,1
40335,0
40336,1
40337,1
40338,1
40339,1
40340,1
40341,0
40342,0
40343,1
40344,0
40345,1
40346,1
40347,1
40348,1
40349,0
40350,1
40351,0
40352,1
40353,1
40354,1
40355,1
40356,0
40357,1
40358,0
40359,1
40360,1
40361,0
40362,1
40363,1
40364,1
40365,1
40366,1
40367,1
40368,0
40369,1
40370,0
40371,0
40372,1
40373,1
40374,1
40375,1
40376,0
40377,1
40378,1
40379,1
40380,1
40381,1
40382,1
40383,0
40384,1
40385,0
40386,1
40387,1
40388,1
40389,0
40390,0
40391,0
40392,1
40393,1
40394,0
40395,1
40396,0
40397,0
40398,1
40399,1
40400,1
40401,1
40402,0
40403,0
40404,0
40405,0
40406,0
40407,1
40408,1
40409,1
40410,0
40411,1
40412,0
40413,0
40414,1
40415,1
40416,0
40417,0
40418,1
40419,1
40420,1
40421,1
40422,1
40423,0
40424,1
40425,1
40426,1
40427,1
40428,0
40429,0
40430,1
40431,0
40432,0
40433,1
40434,1
40435,0
40436,1
40437,0
40438,1
40439,0
40440,1
40441,0
40442,1
40443,1
40444,0
40445,0
40446,0
40447,1
40448,1
40449,1
40450,0
40451,0
40452,0
40453,1
40454,1
40455,1
40456,0
40457,0
40458,0
40459,0
40460,1
40461,1
40462,1
40463,0
40464,1
40465,1
40466,0
40467,1
40468,0
40469,1
40470,1
40471,1
40472,1
40473,1
40474,1
40475,1
40476,1
40477,0
40478,0
40479,1
40480,1
40481,1
40482,0
40483,0
40484,1
40485,1
40486,0
40487,0
40488,1
40489,1
40490,1
40491,0
40492,1
40493,0
40494,1
40495,0
40496,0
40497,1
40498,0
40499,0
40500,1
40501,1
40502,1
40503,1
40504,1
40505,0
40506,1
40507,1
40508,1
40509,1
40510,1
40511,1
40512,1
40513,0
40514,0
40515,1
40516,0
40517,1
40518,0
40519,1
40520,1
40521,1
40522,0
40523,0
40524,0
40525,1
40526,1
40527,1
40528,0
40529,0
40530,1
40531,1
40532,1
40533,0
40534,0
40535,1
40536,1
40537,1
40538,1
40539,1
40540,0
40541,1
40542,0
40543,0
40544,1
40545,0
40546,1
40547,0
40548,1
40549,1
40550,1
40551,1
40552,0
40553,0
40554,1
40555,1
40556,1
40557,1
40558,1
40559,1
40560,0
40561,0
40562,1
40563,0
40564,1
40565,1
40566,1
40567,0
40568,0
40569,1
40570,1
40571,0
40572,1
40573,0
40574,1
40575,1
40576,0
40577,0
40578,1
40579,1
40580,1
40581,1
40582,0
40583,0
40584,0
40585,1
40586,1
40587,1
40588,0
40589,1
40590,0
40591,1
40592,0
40593,0
40594,0
40595,0
40596,0
40597,0
40598,0
40599,1
40600,0
40601,1
40602,0
40603,0
40604,1
40605,0
40606,1
40607,1
40608,0
40609,0
40610,0
40611,0
40612,1
40613,0
40614,0
40615,0
40616,1
40617,0
40618,0
40619,0
40620,0
40621,0
40622,0
40623,1
40624,0
40625,1
40626,1
40627,0
40628,1
40629,1
40630,0
40631,1
40632,0
40633,1
40634,0
40635,0
40636,1
40637,1
40638,0
40639,1
40640,1
40641,0
40642,0
40643,1
40644,1
40645,1
40646,0
40647,0
40648,0
40649,1
40650,1
40651,1
40652,0
40653,0
40654,0
40655,1
40656,0
40657,1
40658,1
40659,1
40660,0
40661,1
40662,0
40663,1
40664,0
40665,1
40666,1
40667,0
40668,0
40669,1
40670,0
40671,1
40672,0
40673,1
40674,1
40675,1
40676,1
40677,1
40678,1
40679,0
40680,1
40681,1
40682,0
40683,1
40684,1
40685,1
40686,1
40687,0
40688,0
40689,0
40690,1
40691,0
40692,0
40693,1
40694,1
40695,0
40696,0
40697,0
40698,1
40699,0
40700,0
40701,0
40702,0
40703,1
40704,1
40705,0
40706,1
40707,1
40708,1
40709,1
40710,1
40711,0
40712,1
40713,0
40714,0
40715,0
40716,1
40717,0
40718,0
40719,1
40720,1
40721,0
40722,0
40723,0
40724,0
40725,0
40726,0
40727,1
40728,0
40729,1
40730,1
40731,1
40732,1
40733,0
40734,0
40735,0
40736,0
40737,1
40738,1
40739,0
40740,1
40741,0
40742,0
40743,1
40744,1
40745,0
40746,0
40747,1
40748,1
40749,0
40750,1
40751,0
40752,1
40753,0
40754,0
40755,0
40756,1
40757,0
40758,1
40759,1
40760,0
40761,1
40762,1
40763,1
40764,0
40765,1
40766,1
40767,1
40768,0
40769,1
40770,0
40771,1
40772,1
40773,1
40774,0
40775,1
40776,0
40777,1
40778,1
40779,1
40780,0
40781,0
40782,1
40783,0
40784,1
40785,1
40786,1
40787,1
40788,0
40789,1
40790,0
40791,1
40792,0
40793,1
40794,0
40795,1
40796,1
40797,1
40798,1
40799,0
40800,1
40801,0
40802,0
40803,0
40804,1
40805,0
40806,1
40807,1
40808,1
40809,0
40810,1
40811,1
40812,0
40813,1
40814,1
40815,0
40816,1
40817,0
40818,1
40819,0
40820,1
40821,0
40822,0
40823,1
40824,0
40825,1
40826,1
40827,1
40828,0
40829,1
40830,1
40831,1
40832,0
40833,1
40834,1
40835,0
40836,1
40837,1
40838,1
40839,1
40840,0
40841,1
40842,1
40843,1
40844,0
40845,1
40846,0
40847,1
40848,1
40849,1
40850,1
40851,1
40852,1
40853,0
40854,1
40855,0
40856,1
40857,1
40858,0
40859,1
40860,0
40861,1
40862,0
40863,1
40864,0
40865,0
40866,0
40867,1
40868,0
40869,0
40870,1
40871,1
40872,1
40873,0
40874,1
40875,1
40876,0
40877,1
40878,0
40879,1
40880,1
40881,0
40882,1
40883,1
40884,1
40885,1
40886,0
40887,0
40888,0
40889,0
40890,0
40891,1
40892,0
40893,1
40894,1
40895,0
40896,1
40897,1
40898,1
40899,1
40900,1
40901,0
40902,0
40903,0
40904,0
40905,1
40906,1
40907,1
40908,1
40909,1
40910,0
40911,0
40912,1
40913,0
40914,1
40915,1
40916,0
40917,1
40918,1
40919,1
40920,1
40921,0
40922,0
40923,1
40924,1
40925,0
40926,1
40927,1
40928,0
40929,1
40930,0
40931,1
40932,1
40933,1
40934,1
40935,1
40936,0
40937,0
40938,1
40939,0
40940,0
40941,1
40942,1
40943,1
40944,0
40945,0
40946,0
40947,0
40948,0
40949,1
40950,1
40951,1
40952,0
40953,0
40954,0
40955,0
40956,1
40957,1
40958,0
40959,1
40960,1
40961,1
40962,1
40963,0
40964,1
40965,1
40966,0
40967,0
40968,0
40969,1
40970,0
40971,0
40972,0
40973,1
40974,0
40975,1
40976,1
40977,1
40978,1
40979,1
40980,1
40981,0
40982,0
40983,0
40984,0
40985,0
40986,0
40987,0
40988,0
40989,0
40990,0
40991,1
40992,1
40993,1
40994,0
40995,0
40996,0
40997,1
40998,1
40999,0
41000,1
41001,0
41002,1
41003,1
41004,1
41005,1
41006,1
41007,0
41008,1
41009,0
41010,1
41011,1
41012,0
41013,0
41014,1
41015,0
41016,1
41017,1
41018,1
41019,1
41020,1
41021,1
41022,0
41023,1
41024,1
41025,0
41026,0
41027,1
41028,0
41029,1
41030,1
41031,1
41032,1
41033,0
41034,0
41035,0
41036,1
41037,1
41038,1
41039,0
41040,1
41041,0
41042,1
41043,1
41044,1
41045,0
41046,1
41047,0
41048,0
41049,0
41050,1
41051,0
41052,0
41053,0
41054,1
41055,0
41056,1
41057,0
41058,1
41059,1
41060,0
41061,0
41062,0
41063,0
41064,1
41065,1
41066,0
41067,0
41068,0
41069,0
41070,0
41071,1
41072,0
41073,0
41074,1
41075,1
41076,1
41077,0
41078,0
41079,0
41080,0
41081,1
41082,1
41083,0
41084,1
41085,0
41086,0
41087,1
41088,1
41089,0
41090,1
41091,0
41092,0
41093,0
41094,0
41095,0
41096,0
41097,1
41098,1
41099,1
41100,1
41101,1
41102,0
41103,1
41104,1
41105,0
41106,1
41107,1
41108,0
41109,1
41110,0
41111,1
41112,0
41113,0
41114,0
41115,0
41116,1
41117,1
41118,0
41119,0
41120,0
41121,1
41122,0
41123,1
41124,1
41125,0
41126,0
41127,1
41128,1
41129,1
41130,0
41131,0
41132,0
41133,0
41134,0
41135,1
41136,0
41137,0
41138,0
41139,0
41140,1
41141,0
41142,1
41143,0
41144,0
41145,0
41146,0
41147,0
41148,1
41149,1
41150,1
41151,1
41152,1
41153,1
41154,0
41155,1
41156,1
41157,0
41158,1
41159,0
41160,0
41161,0
41162,0
41163,0
41164,1
41165,0
41166,1
41167,1
41168,0
41169,0
41170,0
41171,0
41172,1
41173,1
41174,0
41175,0
41176,1
41177,1
41178,1
41179,1
41180,0
41181,1
41182,0
41183,1
41184,0
41185,1
41186,1
41187,0
41188,1
41189,0
41190,1
41191,0
41192,1
41193,1
41194,1
41195,1
41196,1
41197,0
41198,1
41199,1
41200,0
41201,0
41202,0
41203,1
41204,0
41205,1
41206,0
41207,0
41208,0
41209,1
41210,0
41211,0
41212,1
41213,0
41214,1
41215,1
41216,0
41217,0
41218,1
41219,1
41220,0
41221,1
41222,1
41223,1
41224,0
41225,0
41226,1
41227,0
41228,1
41229,0
41230,0
41231,0
41232,1
41233,1
41234,0
41235,1
41236,0
41237,1
41238,1
41239,0
41240,1
41241,1
41242,0
41243,1
41244,1
41245,0
41246,0
41247,1
41248,0
41249,0
41250,0
41251,0
41252,0
41253,1
41254,1
41255,0
41256,1
41257,1
41258,1
41259,0
41260,0
41261,1
41262,1
41263,1
41264,1
41265,1
41266,1
41267,0
41268,1
41269,1
41270,0
41271,1
41272,1
41273,0
41274,0
41275,0
41276,1
41277,0
41278,0
41279,0
41280,0
41281,1
41282,0
41283,1
41284,0
41285,1
41286,1
41287,1
41288,1
41289,0
41290,0
41291,0
41292,0
41293,1
41294,0
41295,1
41296,0
41297,0
41298,0
41299,1
41300,1
41301,1
41302,0
41303,1
41304,1
41305,0
41306,0
41307,0
41308,1
41309,1
41310,0
41311,1
41312,1
41313,1
41314,0
41315,1
41316,1
41317,0
41318,0
41319,1
41320,1
41321,0
41322,0
41323,0
41324,1
41325,0
41326,1
41327,1
41328,1
41329,1
41330,0
41331,0
41332,1
41333,1
41334,0
41335,1
41336,0
41337,1
41338,1
41339,1
41340,1
41341,1
41342,1
41343,0
41344,0
41345,1
41346,0
41347,1
41348,0
41349,0
41350,1
41351,0
41352,1
41353,1
41354,1
41355,0
41356,1
41357,1
41358,0
41359,1
41360,0
41361,0
41362,0
41363,0
41364,0
41365,1
41366,0
41367,1
41368,1
41369,0
41370,0
41371,0
41372,1
41373,1
41374,0
41375,1
41376,0
41377,1
41378,1
41379,0
41380,0
41381,0
41382,0
41383,0
41384,1
41385,1
41386,1
41387,0
41388,1
41389,1
41390,0
41391,0
41392,0
41393,1
41394,0
41395,1
41396,0
41397,1
41398,0
41399,1
41400,1
41401,1
41402,1
41403,0
41404,1
41405,1
41406,0
41407,1
41408,1
41409,1
41410,1
41411,0
41412,0
41413,1
41414,1
41415,0
41416,0
41417,0
41418,0
41419,1
41420,0
41421,1
41422,1
41423,1
41424,1
41425,1
41426,1
41427,1
41428,1
41429,1
41430,0
41431,1
41432,1
41433,0
41434,1
41435,0
41436,1
41437,1
41438,1
41439,0
41440,1
41441,0
41442,1
41443,1
41444,1
41445,0
41446,1
41447,1
41448,0
41449,0
41450,1
41451,1
41452,1
41453,1
41454,0
41455,0
41456,0
41457,1
41458,1
41459,1
41460,1
41461,1
41462,0
41463,0
41464,1
41465,1
41466,0
41467,1
41468,0
41469,0
41470,1
41471,1
41472,1
41473,0
41474,1
41475,1
41476,1
41477,1
41478,1
41479,1
41480,1
41481,1
41482,1
41483,1
41484,0
41485,0
41486,1
41487,1
41488,0
41489,1
41490,0
41491,1
41492,1
41493,0
41494,0
41495,0
41496,1
41497,1
41498,1
41499,1
41500,0
41501,1
41502,1
41503,0
41504,1
41505,1
41506,0
41507,1
41508,1
41509,0
41510,1
41511,1
41512,0
41513,1
41514,1
41515,1
41516,1
41517,0
41518,1
41519,0
41520,1
41521,0
41522,1
41523,0
41524,1
41525,1
41526,1
41527,1
41528,0
41529,1
41530,1
41531,1
41532,0
41533,1
41534,1
41535,1
41536,1
41537,0
41538,0
41539,0
41540,1
41541,0
41542,0
41543,1
41544,0
41545,0
41546,0
41547,0
41548,1
41549,0
41550,1
41551,0
41552,0
41553,1
41554,0
41555,1
41556,0
41557,0
41558,0
41559,0
41560,0
41561,0
41562,1
41563,1
41564,1
41565,1
41566,0
41567,1
41568,1
41569,1
41570,0
41571,0
41572,0
41573,0
41574,1
41575,0
41576,0
41577,0
41578,0
41579,0
41580,1
41581,1
41582,1
41583,1
41584,0
41585,1
41586,0
41587,0
41588,0
41589,1
41590,0
41591,1
41592,1
41593,1
41594,0
41595,0
41596,0
41597,0
41598,1
41599,0
41600,1
41601,1
41602,1
41603,0
41604,1
41605,0
41606,0
41607,1
41608,1
41609,0
41610,1
41611,0
41612,0
41613,0
41614,0
41615,0
41616,1
41617,1
41618,0
41619,0
41620,0
41621,0
41622,0
41623,1
41624,0
41625,1
41626,0
41627,1
41628,1
41629,1
41630,1
41631,1
41632,1
41633,1
41634,1
41635,1
41636,1
41637,1
41638,0
41639,1
41640,0
41641,1
41642,0
41643,1
41644,0
41645,1
41646,0
41647,1
41648,1
41649,1
41650,1
41651,0
41652,0
41653,0
41654,1
41655,0
41656,1
41657,1
41658,1
41659,1
41660,0
41661,1
41662,0
41663,0
41664,1
41665,0
41666,0
41667,1
41668,1
41669,0
41670,0
41671,1
41672,0
41673,1
41674,1
41675,1
41676,1
41677,0
41678,1
41679,1
41680,0
41681,0
41682,0
41683,0
41684,1
41685,0
41686,0
41687,0
41688,1
41689,0
41690,1
41691,1
41692,0
41693,1
41694,0
41695,1
41696,0
41697,0
41698,0
41699,1
41700,0
41701,1
41702,0
41703,1
41704,1
41705,0
41706,0
41707,0
41708,0
41709,1
41710,1
41711,1
41712,0
41713,0
41714,1
41715,0
41716,0
41717,0
41718,1
41719,1
41720,1
41721,0
41722,0
41723,1
41724,0
41725,1
41726,0
41727,0
41728,1
41729,0
41730,0
41731,0
41732,0
41733,1
41734,1
41735,1
41736,1
41737,1
41738,1
41739,1
41740,1
41741,0
41742,1
41743,1
41744,1
41745,0
41746,0
41747,0
41748,0
41749,0
41750,1
41751,0
41752,0
41753,1
41754,0
41755,0
41756,1
41757,1
41758,0
41759,1
41760,0
41761,1
41762,0
41763,1
41764,1
41765,1
41766,0
41767,0
41768,0
41769,1
41770,1
41771,0
41772,0
41773,1
41774,1
41775,1
41776,1
41777,0
41778,0
41779,1
41780,1
41781,1
41782,1
41783,0
41784,1
41785,0
41786,1
41787,1
41788,1
41789,0
41790,0
41791,1
41792,1
41793,1
41794,1
41795,0
41796,1
41797,0
41798,0
41799,1
41800,1
41801,1
41802,1
41803,1
41804,0
41805,1
41806,0
41807,1
41808,0
41809,1
41810,1
41811,0
41812,1
41813,1
41814,0
41815,1
41816,0
41817,1
41818,1
41819,0
41820,1
41821,0
41822,1
41823,0
41824,0
41825,0
41826,1
41827,1
41828,0
41829,0
41830,1
41831,0
41832,1
41833,0
41834,0
41835,0
41836,1
41837,1
41838,0
41839,1
41840,1
41841,1
41842,0
41843,1
41844,1
41845,1
41846,1
41847,0
41848,0
41849,0
41850,0
41851,1
41852,0
41853,1
41854,0
41855,1
41856,1
41857,0
41858,1
41859,1
41860,1
41861,0
41862,1
41863,1
41864,0
41865,0
41866,0
41867,0
41868,1
41869,1
41870,1
41871,0
41872,1
41873,1
41874,0
41875,1
41876,0
41877,1
41878,0
41879,0
41880,1
41881,1
41882,1
41883,0
41884,1
41885,1
41886,1
41887,1
41888,0
41889,1
41890,1
41891,0
41892,1
41893,1
41894,1
41895,0
41896,1
41897,0
41898,1
41899,0
41900,0
41901,0
41902,0
41903,1
41904,1
41905,1
41906,1
41907,0
41908,1
41909,0
41910,1
41911,0
41912,1
41913,1
41914,1
41915,1
41916,0
41917,1
41918,0
41919,0
41920,0
41921,0
41922,0
41923,1
41924,0
41925,1
41926,0
41927,0
41928,0
41929,0
41930,0
41931,1
41932,0
41933,1
41934,0
41935,1
41936,0
41937,0
41938,0
41939,0
41940,0
41941,0
41942,1
41943,1
41944,0
41945,0
41946,1
41947,1
41948,0
41949,0
41950,0
41951,1
41952,0
41953,0
41954,1
41955,1
41956,0
41957,0
41958,0
41959,1
41960,0
41961,0
41962,1
41963,1
41964,1
41965,1
41966,0
41967,1
41968,1
41969,1
41970,0
41971,1
41972,1
41973,0
41974,0
41975,0
41976,1
41977,0
41978,1
41979,0
41980,0
41981,0
41982,0
41983,1
41984,0
41985,1
41986,1
41987,1
41988,0
41989,1
41990,0
41991,0
41992,1
41993,1
41994,0
41995,1
41996,1
41997,0
41998,1
41999,1
42000,1
42001,0
42002,0
42003,0
42004,0
42005,1
42006,1
42007,1
42008,0
42009,0
42010,1
42011,1
42012,0
42013,1
42014,0
42015,0
42016,1
42017,0
42018,0
42019,1
42020,0
42021,1
42022,0
42023,0
42024,0
42025,0
42026,0
42027,1
42028,0
42029,1
42030,1
42031,1
42032,1
42033,1
42034,0
42035,1
42036,0
42037,0
42038,0
42039,0
42040,0
42041,1
42042,1
42043,1
42044,0
42045,1
42046,0
42047,1
42048,1
42049,1
42050,1
42051,0
42052,0
42053,1
42054,0
42055,0
42056,1
42057,0
42058,1
42059,1
42060,1
42061,1
42062,1
42063,0
42064,1
42065,0
42066,0
42067,0
42068,1
42069,0
42070,1
42071,0
42072,0
42073,1
42074,1
42075,1
42076,0
42077,1
42078,1
42079,1
42080,1
42081,1
42082,1
42083,1
42084,1
42085,0
42086,0
42087,0
42088,0
42089,0
42090,1
42091,1
42092,0
42093,1
42094,1
42095,0
42096,0
42097,0
42098,1
42099,0
42100,0
42101,0
42102,0
42103,1
42104,1
42105,1
42106,0
42107,0
42108,0
42109,0
42110,1
42111,0
42112,1
42113,1
42114,0
42115,1
42116,1
42117,1
42118,0
42119,1
42120,1
42121,1
42122,1
42123,0
42124,1
42125,1
42126,0
42127,0
42128,0
42129,1
42130,1
42131,0
42132,0
42133,1
42134,1
42135,1
42136,1
42137,0
42138,1
42139,1
42140,0
42141,0
42142,1
42143,1
42144,1
42145,0
42146,0
42147,0
42148,0
42149,1
42150,1
42151,1
42152,1
42153,1
42154,0
42155,0
42156,1
42157,0
42158,1
42159,1
42160,0
42161,1
42162,0
42163,1
42164,0
42165,1
42166,0
42167,1
42168,0
42169,1
42170,1
42171,1
42172,1
42173,0
42174,1
42175,1
42176,0
42177,0
42178,0
42179,1
42180,0
42181,1
42182,1
42183,0
42184,1
42185,0
42186,0
42187,1
42188,1
42189,1
42190,0
42191,0
42192,0
42193,0
42194,1
42195,1
42196,1
42197,0
42198,0
42199,1
42200,1
42201,1
42202,1
42203,0
42204,0
42205,1
42206,0
42207,1
42208,0
42209,1
42210,1
42211,0
42212,0
42213,0
42214,0
42215,0
42216,1
42217,0
42218,0
42219,0
42220,1
42221,1
42222,0
42223,0
42224,1
42225,1
42226,0
42227,0
42228,0
42229,1
42230,0
42231,1
42232,1
42233,0
42234,0
42235,1
42236,0
42237,0
42238,1
42239,1
42240,1
42241,1
42242,1
42243,0
42244,0
42245,1
42246,0
42247,1
42248,1
42249,0
42250,1
42251,1
42252,1
42253,1
42254,1
42255,0
42256,1
42257,1
42258,0
42259,1
42260,1
42261,0
42262,0
42263,1
42264,0
42265,0
42266,1
42267,0
42268,0
42269,1
42270,0
42271,1
42272,1
42273,1
42274,0
42275,0
42276,1
42277,1
42278,1
42279,1
42280,1
42281,1
42282,0
42283,1
42284,0
42285,1
42286,1
42287,0
42288,1
42289,0
42290,1
42291,0
42292,0
42293,0
42294,1
42295,1
42296,1
42297,0
42298,1
42299,1
42300,0
42301,1
42302,1
42303,1
42304,0
42305,1
42306,1
42307,0
42308,1
42309,1
42310,1
42311,0
42312,1
42313,0
42314,0
42315,0
42316,0
42317,1
42318,0
42319,1
42320,0
42321,0
42322,0
42323,0
42324,0
42325,1
42326,1
42327,0
42328,0
42329,1
42330,0
42331,1
42332,1
42333,0
42334,0
42335,0
42336,0
42337,1
42338,0
42339,1
42340,0
42341,0
42342,1
42343,0
42344,0
42345,0
42346,0
42347,1
42348,0
42349,0
42350,1
42351,0
42352,0
42353,0
42354,1
42355,0
42356,0
42357,1
42358,1
42359,1
42360,1
42361,0
42362,1
42363,1
42364,1
42365,0
42366,1
42367,0
42368,1
42369,0
42370,1
42371,1
42372,1
42373,0
42374,0
42375,1
42376,1
42377,1
42378,0
42379,0
42380,0
42381,0
42382,1
42383,1
42384,0
42385,0
42386,0
42387,1
42388,1
42389,1
42390,0
42391,1
42392,0
42393,1
42394,1
42395,0
42396,1
42397,0
42398,1
42399,1
42400,0
42401,1
42402,0
42403,1
42404,0
42405,0
42406,1
42407,0
42408,0
42409,0
42410,1
42411,1
42412,1
42413,0
42414,0
42415,1
42416,0
42417,1
42418,1
42419,0
42420,0
42421,1
42422,1
42423,0
42424,0
42425,1
42426,1
42427,0
42428,0
42429,0
42430,0
42431,0
42432,0
42433,1
42434,1
42435,0
42436,1
42437,1
42438,0
42439,1
42440,0
42441,0
42442,0
42443,1
42444,0
42445,1
42446,0
42447,0
42448,1
42449,0
42450,1
42451,1
42452,0
42453,0
42454,0
42455,0
42456,1
42457,1
42458,0
42459,0
42460,1
42461,1
42462,1
42463,0
42464,1
42465,1
42466,1
42467,1
42468,0
42469,1
42470,1
42471,0
42472,1
42473,0
42474,0
42475,0
42476,1
42477,0
42478,1
42479,1
42480,0
42481,0
42482,1
42483,1
42484,0
42485,1
42486,0
42487,1
42488,1
42489,0
42490,1
42491,1
42492,0
42493,0
42494,1
42495,1
42496,1
42497,1
42498,1
42499,1
42500,0
42501,1
42502,0
42503,0
42504,0
42505,1
42506,1
42507,1
42508,1
42509,0
42510,1
42511,1
42512,1
42513,0
42514,0
42515,0
42516,0
42517,1
42518,0
42519,1
42520,1
42521,0
42522,0
42523,0
42524,0
42525,1
42526,1
42527,1
42528,0
42529,1
42530,1
42531,1
42532,0
42533,1
42534,0
42535,1
42536,1
42537,0
42538,0
42539,1
42540,0
42541,1
42542,1
42543,1
42544,1
42545,1
42546,1
42547,1
42548,0
42549,0
42550,0
42551,1
42552,1
42553,1
42554,1
42555,0
42556,1
42557,1
42558,0
42559,0
42560,1
42561,0
42562,0
42563,0
42564,0
42565,1
42566,1
42567,0
42568,1
42569,0
42570,0
42571,1
42572,0
42573,0
42574,1
42575,0
42576,0
42577,1
42578,0
42579,0
42580,1
42581,0
42582,0
42583,1
42584,1
42585,0
42586,1
42587,1
42588,1
42589,1
42590,0
42591,0
42592,1
42593,0
42594,0
42595,0
42596,0
42597,1
42598,0
42599,0
42600,0
42601,0
42602,0
42603,1
42604,0
42605,1
42606,1
42607,1
42608,1
42609,0
42610,0
42611,1
42612,1
42613,1
42614,1
42615,0
42616,0
42617,1
42618,1
42619,0
42620,0
42621,0
42622,0
42623,1
42624,1
42625,1
42626,0
42627,0
42628,1
42629,1
42630,1
42631,1
42632,0
42633,0
42634,0
42635,0
42636,0
42637,0
42638,1
42639,1
42640,1
42641,0
42642,0
42643,0
42644,1
42645,1
42646,1
42647,1
42648,0
42649,0
42650,1
42651,1
42652,0
42653,1
42654,1
42655,0
42656,0
42657,0
42658,0
42659,1
42660,0
42661,0
42662,1
42663,0
42664,0
42665,0
42666,1
42667,0
42668,1
42669,1
42670,1
42671,1
42672,1
42673,1
42674,0
42675,1
42676,0
42677,0
42678,1
42679,1
42680,1
42681,1
42682,0
42683,1
42684,1
42685,1
42686,1
42687,0
42688,1
42689,0
42690,0
42691,1
42692,1
42693,0
42694,1
42695,0
42696,0
42697,0
42698,1
42699,1
42700,0
42701,0
42702,0
42703,1
42704,0
42705,1
42706,1
42707,1
42708,0
42709,1
42710,1
42711,1
42712,0
42713,1
42714,0
42715,0
42716,1
42717,0
42718,1
42719,1
42720,1
42721,0
42722,0
42723,1
42724,0
42725,1
42726,1
42727,0
42728,1
42729,0
42730,0
42731,0
42732,1
42733,1
42734,0
42735,1
42736,1
42737,1
42738,1
42739,1
42740,0
42741,1
42742,0
42743,0
42744,1
42745,0
42746,1
42747,1
42748,0
42749,0
42750,1
42751,1
42752,1
42753,1
42754,0
42755,0
42756,0
42757,0
42758,1
42759,1
42760,0
42761,1
42762,0
42763,0
42764,1
42765,0
42766,1
42767,1
42768,1
42769,1
42770,1
42771,0
42772,1
42773,0
42774,1
42775,0
42776,0
42777,0
42778,1
42779,0
42780,1
42781,1
42782,0
42783,0
42784,1
42785,0
42786,1
42787,0
42788,1
42789,0
42790,0
42791,0
42792,1
42793,0
42794,0
42795,0
42796,0
42797,1
42798,1
42799,1
42800,1
42801,0
42802,1
42803,1
42804,1
42805,1
42806,1
42807,1
42808,1
42809,0
42810,0
42811,0
42812,1
42813,1
42814,1
42815,0
42816,1
42817,0
42818,1
42819,1
42820,1
42821,1
42822,0
42823,1
42824,1
42825,0
42826,1
42827,1
42828,1
42829,1
42830,1
42831,0
42832,1
42833,0
42834,1
42835,0
42836,1
42837,1
42838,1
42839,1
42840,0
42841,1
42842,0
42843,1
42844,1
42845,1
42846,0
42847,1
42848,1
42849,1
42850,1
42851,1
42852,1
42853,0
42854,0
42855,0
42856,1
42857,0
42858,1
42859,0
42860,1
42861,0
42862,0
42863,0
42864,1
42865,1
42866,1
42867,0
42868,0
42869,0
42870,1
42871,0
42872,0
42873,1
42874,0
42875,1
42876,1
42877,1
42878,0
42879,0
42880,1
42881,1
42882,1
42883,1
42884,0
42885,0
42886,1
42887,1
42888,1
42889,0
42890,0
42891,0
42892,1
42893,0
42894,1
42895,0
42896,0
42897,0
42898,0
42899,0
42900,1
42901,1
42902,0
42903,1
42904,1
42905,1
42906,0
42907,0
42908,1
42909,0
42910,1
42911,0
42912,1
42913,1
42914,1
42915,0
42916,0
42917,1
42918,0
42919,0
42920,0
42921,1
42922,1
42923,0
42924,0
42925,0
42926,1
42927,1
42928,1
42929,1
42930,0
42931,1
42932,0
42933,0
42934,0
42935,0
42936,0
42937,0
42938,1
42939,0
42940,1
42941,0
42942,0
42943,1
42944,1
42945,0
42946,0
42947,1
42948,1
42949,0
42950,0
42951,0
42952,0
42953,1
42954,1
42955,1
42956,0
42957,1
42958,1
42959,1
42960,0
42961,1
42962,1
42963,0
42964,1
42965,1
42966,1
42967,0
42968,1
42969,0
42970,0
42971,0
42972,0
42973,0
42974,1
42975,0
42976,0
42977,0
42978,1
42979,0
42980,1
42981,1
42982,0
42983,1
42984,0
42985,0
42986,1
42987,0
42988,1
42989,1
42990,0
42991,0
42992,0
42993,1
42994,1
42995,0
42996,1
42997,0
42998,0
42999,0
43000,1
43001,1
43002,1
43003,1
43004,1
43005,1
43006,0
43007,1
43008,0
43009,1
43010,1
43011,1
43012,0
43013,1
43014,1
43015,0
43016,0
43017,0
43018,1
43019,1
43020,1
43021,1
43022,1
43023,1
43024,0
43025,1
43026,0
43027,0
43028,1
43029,1
43030,1
43031,0
43032,1
43033,1
43034,0
43035,1
43036,0
43037,0
43038,0
43039,1
43040,0
43041,0
43042,0
43043,1
43044,0
43045,1
43046,0
43047,1
43048,1
43049,1
43050,1
43051,1
43052,0
43053,1
43054,0
43055,0
43056,1
43057,1
43058,0
43059,1
43060,0
43061,1
43062,0
43063,1
43064,1
43065,0
43066,0
43067,1
43068,1
43069,0
43070,1
43071,1
43072,1
43073,1
43074,1
43075,1
43076,0
43077,1
43078,0
43079,0
43080,1
43081,0
43082,0
43083,1
43084,1
43085,0
43086,0
43087,1
43088,0
43089,1
43090,0
43091,0
43092,1
43093,1
43094,1
43095,0
43096,1
43097,1
43098,1
43099,0
43100,1
43101,0
43102,0
43103,0
43104,1
43105,1
43106,0
43107,1
43108,0
43109,1
43110,1
43111,0
43112,1
43113,1
43114,1
43115,0
43116,1
43117,1
43118,0
43119,1
43120,0
43121,1
43122,1
43123,0
43124,0
43125,0
43126,0
43127,1
43128,1
43129,0
43130,1
43131,1
43132,1
43133,1
43134,0
43135,1
43136,0
43137,0
43138,0
43139,1
43140,0
43141,0
43142,0
43143,1
43144,1
43145,0
43146,1
43147,1
43148,1
43149,0
43150,0
43151,1
43152,1
43153,1
43154,1
43155,1
43156,0
43157,0
43158,1
43159,0
43160,1
43161,1
43162,1
43163,1
43164,1
43165,0
43166,1
43167,0
43168,1
43169,0
43170,0
43171,1
43172,1
43173,0
43174,0
43175,1
43176,0
43177,0
43178,0
43179,0
43180,1
43181,1
43182,1
43183,1
43184,0
43185,1
43186,1
43187,0
43188,1
43189,1
43190,0
43191,1
43192,0
43193,1
43194,1
43195,1
43196,1
43197,1
43198,0
43199,0
43200,1
43201,0
43202,1
43203,1
43204,1
43205,0
43206,1
43207,0
43208,0
43209,0
43210,0
43211,1
43212,0
43213,1
43214,0
43215,1
43216,0
43217,0
43218,0
43219,1
43220,0
43221,0
43222,1
43223,0
43224,1
43225,0
43226,1
43227,0
43228,1
43229,0
43230,1
43231,1
43232,0
43233,0
43234,0
43235,1
43236,0
43237,1
43238,0
43239,1
43240,0
43241,0
43242,1
43243,1
43244,0
43245,1
43246,1
43247,1
43248,0
43249,1
43250,1
43251,1
43252,0
43253,0
43254,0
43255,0
43256,0
43257,0
43258,0
43259,0
43260,1
43261,0
43262,0
43263,0
43264,1
43265,0
43266,0
43267,1
43268,1
43269,0
43270,1
43271,1
43272,0
43273,0
43274,1
43275,1
43276,0
43277,0
43278,1
43279,1
43280,0
43281,0
43282,0
43283,1
43284,0
43285,0
43286,1
43287,0
43288,1
43289,1
43290,1
43291,0
43292,1
43293,0
43294,0
43295,1
43296,1
43297,1
43298,1
43299,1
43300,0
43301,1
43302,0
43303,1
43304,0
43305,1
43306,1
43307,1
43308,1
43309,1
43310,0
43311,0
43312,1
43313,0
43314,1
43315,0
43316,1
43317,0
43318,1
43319,0
43320,0
43321,1
43322,0
43323,1
43324,1
43325,0
43326,1
43327,1
43328,0
43329,0
43330,1
43331,1
43332,0
43333,1
43334,1
43335,1
43336,0
43337,0
43338,0
43339,0
43340,0
43341,1
43342,1
43343,0
43344,1
43345,0
43346,0
43347,1
43348,0
43349,1
43350,1
43351,0
43352,0
43353,0
43354,1
43355,1
43356,0
43357,1
43358,1
43359,1
43360,0
43361,1
43362,1
43363,1
43364,0
43365,1
43366,1
43367,1
43368,0
43369,1
43370,0
43371,1
43372,1
43373,1
43374,0
43375,0
43376,1
43377,0
43378,1
43379,1
43380,0
43381,0
43382,1
43383,1
43384,0
43385,1
43386,1
43387,1
43388,0
43389,0
43390,1
43391,1
43392,1
43393,0
43394,0
43395,1
43396,1
43397,1
43398,0
43399,0
43400,0
43401,1
43402,1
43403,0
43404,1
43405,1
43406,1
43407,0
43408,0
43409,1
43410,1
43411,0
43412,1
43413,1
43414,1
43415,1
43416,0
43417,1
43418,0
43419,0
43420,1
43421,1
43422,1
43423,1
43424,1
43425,1
43426,1
43427,1
43428,1
43429,0
43430,1
43431,1
43432,0
43433,1
43434,1
43435,1
43436,0
43437,1
43438,1
43439,1
43440,0
43441,1
43442,1
43443,1
43444,0
43445,1
43446,1
43447,0
43448,1
43449,0
43450,1
43451,0
43452,1
43453,1
43454,1
43455,0
43456,0
43457,1
43458,0
43459,0
43460,1
43461,1
43462,0
43463,1
43464,1
43465,0
43466,0
43467,1
43468,0
43469,0
43470,1
43471,0
43472,0
43473,0
43474,0
43475,0
43476,0
43477,0
43478,1
43479,0
43480,1
43481,1
43482,0
43483,0
43484,1
43485,0
43486,0
43487,0
43488,0
43489,1
43490,1
43491,1
43492,0
43493,0
43494,0
43495,1
43496,1
43497,0
43498,1
43499,0
43500,1
43501,1
43502,0
43503,1
43504,1
43505,1
43506,0
43507,1
43508,0
43509,0
43510,0
43511,0
43512,0
43513,1
43514,0
43515,0
43516,1
43517,0
43518,1
43519,1
43520,1
43521,1
43522,1
43523,1
43524,0
43525,1
43526,1
43527,1
43528,1
43529,0
43530,1
43531,0
43532,1
43533,1
43534,0
43535,0
43536,0
43537,0
43538,0
43539,0
43540,0
43541,0
43542,1
43543,1
43544,0
43545,0
43546,1
43547,1
43548,0
43549,1
43550,0
43551,1
43552,1
43553,0
43554,1
43555,0
43556,0
43557,1
43558,0
43559,0
43560,0
43561,0
43562,1
43563,1
43564,1
43565,0
43566,1
43567,0
43568,0
43569,0
43570,0
43571,1
43572,0
43573,0
43574,1
43575,1
43576,1
43577,0
43578,1
43579,1
43580,1
43581,1
43582,1
43583,1
43584,1
43585,0
43586,1
43587,0
43588,1
43589,0
43590,0
43591,1
43592,0
43593,0
43594,1
43595,1
43596,0
43597,0
43598,0
43599,1
43600,0
43601,0
43602,0
43603,1
43604,0
43605,1
43606,1
43607,0
43608,1
43609,1
43610,1
43611,0
43612,0
43613,1
43614,0
43615,1
43616,1
43617,0
43618,1
43619,1
43620,0
43621,0
43622,1
43623,1
43624,0
43625,1
43626,0
43627,1
43628,1
43629,1
43630,1
43631,0
43632,0
43633,0
43634,0
43635,1
43636,1
43637,0
43638,1
43639,1
43640,0
43641,0
43642,0
43643,0
43644,0
43645,1
43646,1
43647,0
43648,1
43649,1
43650,1
43651,1
43652,1
43653,1
43654,1
43655,0
43656,1
43657,1
43658,1
43659,1
43660,0
43661,1
43662,0
43663,1
43664,1
43665,1
43666,0
43667,0
43668,1
43669,0
43670,1
43671,1
43672,1
43673,1
43674,1
43675,0
43676,1
43677,0
43678,1
43679,1
43680,0
43681,1
43682,1
43683,0
43684,0
43685,1
43686,0
43687,1
43688,1
43689,1
43690,0
43691,1
43692,1
43693,0
43694,0
43695,1
43696,0
43697,1
43698,1
43699,1
43700,1
43701,0
43702,1
43703,0
43704,0
43705,0
43706,0
43707,1
43708,0
43709,0
43710,0
43711,0
43712,1
43713,0
43714,1
43715,1
43716,0
43717,0
43718,1
43719,0
43720,0
43721,1
43722,1
43723,1
43724,1
43725,1
43726,0
43727,0
43728,1
43729,1
43730,1
43731,1
43732,0
43733,1
43734,1
43735,0
43736,0
43737,1
43738,0
43739,1
43740,0
43741,0
43742,1
43743,1
43744,1
43745,1
43746,1
43747,1
43748,1
43749,1
43750,1
43751,1
43752,0
43753,1
43754,0
43755,0
43756,0
43757,1
43758,1
43759,1
43760,0
43761,1
43762,0
43763,0
43764,0
43765,0
43766,0
43767,1
43768,0
43769,1
43770,0
43771,1
43772,1
43773,0
43774,1
43775,1
43776,1
43777,1
43778,0
43779,0
43780,0
43781,1
43782,0
43783,1
43784,0
43785,0
43786,0
43787,0
43788,0
43789,0
43790,0
43791,0
43792,0
43793,0
43794,0
43795,1
43796,0
43797,0
43798,0
43799,0
43800,0
43801,1
43802,1
43803,0
43804,1
43805,0
43806,1
43807,0
43808,0
43809,0
43810,1
43811,1
43812,1
43813,0
43814,0
43815,1
43816,1
43817,1
43818,0
43819,1
43820,1
43821,1
43822,1
43823,0
43824,1
43825,1
43826,1
43827,1
43828,1
43829,1
43830,1
43831,0
43832,1
43833,1
43834,0
43835,1
43836,1
43837,1
43838,1
43839,1
43840,0
43841,1
43842,1
43843,1
43844,1
43845,0
43846,1
43847,1
43848,1
43849,0
43850,1
43851,1
43852,0
43853,1
43854,1
43855,1
43856,0
43857,0
43858,0
43859,0
43860,1
43861,1
43862,0
43863,1
43864,1
43865,1
43866,1
43867,0
43868,0
43869,0
43870,1
43871,1
43872,0
43873,0
43874,1
43875,0
43876,0
43877,0
43878,1
43879,0
43880,0
43881,1
43882,1
43883,0
43884,1
43885,1
43886,1
43887,1
43888,1
43889,1
43890,1
43891,0
43892,0
43893,1
43894,0
43895,0
43896,1
43897,0
43898,1
43899,1
43900,1
43901,1
43902,0
43903,0
43904,1
43905,0
43906,1
43907,1
43908,0
43909,1
43910,0
43911,1
43912,1
43913,0
43914,1
43915,0
43916,1
43917,1
43918,1
43919,0
43920,1
43921,0
43922,0
43923,0
43924,1
43925,0
43926,1
43927,0
43928,1
43929,1
43930,1
43931,1
43932,0
43933,0
43934,0
43935,1
43936,1
43937,0
43938,0
43939,0
43940,0
43941,0
43942,1
43943,1
43944,1
43945,0
43946,0
43947,0
43948,0
43949,1
43950,0
43951,1
43952,0
43953,0
43954,0
43955,1
43956,1
43957,0
43958,1
43959,1
43960,0
43961,0
43962,1
43963,1
43964,0
43965,1
43966,1
43967,0
43968,1
43969,0
43970,1
43971,0
43972,0
43973,1
43974,0
43975,1
43976,0
43977,0
43978,0
43979,1
43980,0
43981,0
43982,1
43983,0
43984,0
43985,0
43986,1
43987,1
43988,1
43989,0
43990,0
43991,1
43992,1
43993,1
43994,0
43995,0
43996,1
43997,1
43998,1
43999,1
44000,0
44001,0
44002,1
44003,1
44004,1
44005,1
44006,0
44007,0
44008,1
44009,1
44010,1
44011,1
44012,1
44013,1
44014,1
44015,0
44016,0
44017,0
44018,1
44019,1
44020,1
44021,1
44022,1
44023,1
44024,1
44025,1
44026,1
44027,0
44028,0
44029,1
44030,0
44031,0
44032,0
44033,0
44034,0
44035,1
44036,1
44037,0
44038,0
44039,1
44040,0
44041,1
44042,0
44043,1
44044,1
44045,0
44046,0
44047,0
44048,0
44049,1
44050,0
44051,1
44052,0
44053,0
44054,1
44055,0
44056,0
44057,1
44058,0
44059,1
44060,1
44061,0
44062,0
44063,1
44064,1
44065,0
44066,1
44067,1
44068,1
44069,1
44070,0
44071,0
44072,1
44073,1
44074,0
44075,0
44076,1
44077,0
44078,0
44079,0
44080,1
44081,0
44082,0
44083,0
44084,0
44085,1
44086,1
44087,0
44088,0
44089,0
44090,1
44091,1
44092,1
44093,0
44094,1
44095,1
44096,0
44097,0
44098,1
44099,0
44100,0
44101,1
44102,1
44103,0
44104,0
44105,1
44106,1
44107,1
44108,1
44109,1
44110,0
44111,0
44112,0
44113,0
44114,1
44115,0
44116,1
44117,0
44118,0
44119,1
44120,1
44121,0
44122,1
44123,0
44124,1
44125,0
44126,1
44127,1
44128,1
44129,0
44130,0
44131,0
44132,0
44133,1
44134,0
44135,1
44136,1
44137,1
44138,0
44139,1
44140,0
44141,1
44142,1
44143,0
44144,0
44145,1
44146,1
44147,1
44148,0
44149,0
44150,1
44151,1
44152,0
44153,0
44154,1
44155,1
44156,0
44157,1
44158,0
44159,0
44160,0
44161,0
44162,0
44163,0
44164,1
44165,1
44166,0
44167,1
44168,0
44169,1
44170,1
44171,1
44172,0
44173,0
44174,0
44175,1
44176,1
44177,1
44178,0
44179,1
44180,1
44181,0
44182,0
44183,1
44184,0
44185,0
44186,1
44187,0
44188,1
44189,0
44190,0
44191,1
44192,1
44193,1
44194,1
44195,0
44196,0
44197,0
44198,1
44199,0
44200,1
44201,1
44202,1
44203,1
44204,0
44205,1
44206,1
44207,0
44208,1
44209,0
44210,1
44211,0
44212,0
44213,1
44214,0
44215,0
44216,1
44217,0
44218,0
44219,0
44220,0
44221,0
44222,1
44223,0
44224,0
44225,0
44226,1
44227,1
44228,0
44229,0
44230,0
44231,1
44232,0
44233,1
44234,0
44235,1
44236,0
44237,1
44238,0
44239,0
44240,1
44241,0
44242,0
44243,0
44244,0
44245,1
44246,0
44247,1
44248,1
44249,0
44250,1
44251,1
44252,1
44253,0
44254,1
44255,1
44256,0
44257,0
44258,1
44259,0
44260,0
44261,0
44262,1
44263,1
44264,1
44265,1
44266,1
44267,1
44268,1
44269,1
44270,1
44271,1
44272,1
44273,0
44274,1
44275,1
44276,1
44277,1
44278,0
44279,0
44280,0
44281,0
44282,0
44283,0
44284,1
44285,1
44286,0
44287,1
44288,1
44289,0
44290,0
44291,0
44292,1
44293,1
44294,1
44295,0
44296,1
44297,0
44298,1
44299,0
44300,1
44301,1
44302,1
44303,1
44304,1
44305,0
44306,1
44307,1
44308,0
44309,0
44310,1
44311,1
44312,1
44313,0
44314,1
44315,0
44316,1
44317,1
44318,1
44319,0
44320,1
44321,1
44322,1
44323,1
44324,0
44325,0
44326,1
44327,1
44328,0
44329,1
44330,1
44331,0
44332,0
44333,0
44334,0
44335,1
44336,0
44337,1
44338,0
44339,0
44340,1
44341,0
44342,0
44343,1
44344,0
44345,0
44346,1
44347,1
44348,1
44349,1
44350,0
44351,0
44352,1
44353,1
44354,1
44355,1
44356,0
44357,0
44358,1
44359,0
44360,0
44361,1
44362,0
44363,1
44364,0
44365,1
44366,0
44367,0
44368,1
44369,0
44370,0
44371,1
44372,0
44373,0
44374,1
44375,0
44376,0
44377,1
44378,1
44379,1
44380,0
44381,1
44382,1
44383,0
44384,0
44385,1
44386,1
44387,1
44388,1
44389,1
44390,1
44391,0
44392,1
44393,0
44394,0
44395,0
44396,1
44397,1
44398,0
44399,1
44400,1
44401,0
44402,0
44403,0
44404,0
44405,0
44406,1
44407,1
44408,0
44409,0
44410,1
44411,0
44412,0
44413,0
44414,1
44415,0
44416,0
44417,1
44418,0
44419,1
44420,1
44421,0
44422,1
44423,0
44424,0
44425,0
44426,0
44427,0
44428,0
44429,0
44430,1
44431,1
44432,1
44433,1
44434,1
44435,1
44436,0
44437,1
44438,0
44439,0
44440,1
44441,1
44442,1
44443,0
44444,1
44445,0
44446,1
44447,1
44448,0
44449,1
44450,0
44451,0
44452,0
44453,1
44454,0
44455,0
44456,0
44457,1
44458,0
44459,0
44460,1
44461,0
44462,0
44463,0
44464,1
44465,1
44466,0
44467,0
44468,1
44469,0
44470,1
44471,0
44472,0
44473,1
44474,0
44475,1
44476,1
44477,1
44478,0
44479,0
44480,0
44481,1
44482,1
44483,1
44484,0
44485,1
44486,1
44487,1
44488,0
44489,1
44490,1
44491,0
44492,0
44493,1
44494,0
44495,1
44496,1
44497,0
44498,1
44499,1
44500,0
44501,0
44502,1
44503,1
44504,1
44505,1
44506,1
44507,0
44508,1
44509,0
44510,1
44511,0
44512,1
44513,1
44514,1
44515,0
44516,0
44517,1
44518,0
44519,1
44520,1
44521,1
44522,1
44523,1
44524,0
44525,1
44526,0
44527,0
44528,0
44529,1
44530,1
44531,0
44532,0
44533,0
44534,1
44535,0
44536,0
44537,0
44538,1
44539,0
44540,1
44541,1
44542,0
44543,1
44544,0
44545,0
44546,0
44547,1
44548,1
44549,0
44550,0
44551,0
44552,0
44553,1
44554,0
44555,1
44556,0
44557,1
44558,1
44559,1
44560,1
44561,0
44562,0
44563,1
44564,0
44565,1
44566,1
44567,1
44568,0
44569,1
44570,0
44571,1
44572,0
44573,1
44574,1
44575,1
44576,0
44577,0
44578,0
44579,1
44580,1
44581,0
44582,0
44583,1
44584,0
44585,0
44586,1
44587,1
44588,0
44589,1
44590,0
44591,0
44592,1
44593,1
44594,0
44595,1
44596,0
44597,0
44598,0
44599,1
44600,1
44601,1
44602,0
44603,1
44604,0
44605,0
44606,1
44607,0
44608,0
44609,1
44610,0
44611,0
44612,1
44613,0
44614,0
44615,1
44616,0
44617,0
44618,1
44619,0
44620,1
44621,1
44622,0
44623,1
44624,1
44625,1
44626,1
44627,1
44628,0
44629,0
44630,1
44631,0
44632,0
44633,1
44634,0
44635,0
44636,1
44637,1
44638,1
44639,0
44640,1
44641,0
44642,1
44643,1
44644,0
44645,0
44646,0
44647,0
44648,1
44649,0
44650,1
44651,0
44652,1
44653,1
44654,1
44655,1
44656,1
44657,1
44658,1
44659,1
44660,1
44661,0
44662,0
44663,1
44664,0
44665,1
44666,0
44667,1
44668,1
44669,1
44670,1
44671,0
44672,1
44673,1
44674,1
44675,0
44676,0
44677,0
44678,1
44679,0
44680,1
44681,1
44682,1
44683,1
44684,1
44685,1
44686,0
44687,0
44688,0
44689,0
44690,1
44691,1
44692,0
44693,0
44694,1
44695,1
44696,1
44697,1
44698,0
44699,0
44700,0
44701,1
44702,1
44703,1
44704,1
44705,1
44706,1
44707,0
44708,1
44709,1
44710,1
44711,1
44712,0
44713,1
44714,0
44715,1
44716,1
44717,1
44718,1
44719,0
44720,1
44721,0
44722,1
44723,0
44724,1
44725,0
44726,1
44727,1
44728,0
44729,0
44730,0
44731,1
44732,1
44733,1
44734,1
44735,1
44736,1
44737,1
44738,1
44739,1
44740,0
44741,0
44742,1
44743,1
44744,1
44745,0
44746,1
44747,0
44748,1
44749,1
44750,0
44751,1
44752,0
44753,1
44754,0
44755,0
44756,1
44757,1
44758,0
44759,1
44760,1
44761,1
44762,1
44763,0
44764,1
44765,0
44766,1
44767,0
44768,0
44769,1
44770,0
44771,1
44772,1
44773,1
44774,0
44775,0
44776,0
44777,1
44778,1
44779,0
44780,1
44781,1
44782,1
44783,1
44784,0
44785,1
44786,0
44787,1
44788,0
44789,0
44790,0
44791,1
44792,0
44793,0
44794,1
44795,0
44796,1
44797,1
44798,0
44799,1
44800,1
44801,1
44802,0
44803,0
44804,1
44805,1
44806,1
44807,0
44808,1
44809,0
44810,0
44811,1
44812,1
44813,1
44814,1
44815,0
44816,0
44817,1
44818,1
44819,0
44820,1
44821,1
44822,1
44823,1
44824,1
44825,0
44826,0
44827,1
44828,1
44829,1
44830,1
44831,1
44832,1
44833,0
44834,1
44835,1
44836,1
44837,1
44838,1
44839,0
44840,0
44841,0
44842,1
44843,0
44844,0
44845,0
44846,1
44847,1
44848,0
44849,1
44850,1
44851,0
44852,0
44853,1
44854,0
44855,1
44856,1
44857,1
44858,1
44859,0
44860,1
44861,1
44862,1
44863,1
44864,1
44865,1
44866,1
44867,1
44868,0
44869,0
44870,0
44871,1
44872,0
44873,1
44874,0
44875,1
44876,0
44877,1
44878,1
44879,0
44880,1
44881,1
44882,1
44883,1
44884,0
44885,1
44886,0
44887,0
44888,0
44889,1
44890,0
44891,0
44892,0
44893,1
44894,0
44895,1
44896,0
44897,1
44898,0
44899,1
44900,1
44901,0
44902,0
44903,1
44904,1
44905,0
44906,1
44907,1
44908,1
44909,1
44910,0
44911,1
44912,1
44913,0
44914,0
44915,0
44916,0
44917,1
44918,0
44919,0
44920,1
44921,0
44922,0
44923,1
44924,0
44925,0
44926,0
44927,1
44928,1
44929,0
44930,1
44931,1
44932,1
44933,0
44934,0
44935,1
44936,0
44937,1
44938,1
44939,1
44940,0
44941,0
44942,1
44943,1
44944,1
44945,0
44946,0
44947,0
44948,1
44949,1
44950,1
44951,0
44952,1
44953,1
44954,0
44955,1
44956,1
44957,0
44958,1
44959,1
44960,1
44961,0
44962,1
44963,1
44964,0
44965,0
44966,0
44967,0
44968,0
44969,1
44970,0
44971,0
44972,1
44973,0
44974,1
44975,1
44976,0
44977,1
44978,0
44979,0
44980,0
44981,0
44982,0
44983,1
44984,0
44985,0
44986,0
44987,1
44988,1
44989,1
44990,1
44991,1
44992,0
44993,1
44994,1
44995,0
44996,1
44997,1
44998,1
44999,0
45000,1
45001,1
45002,1
45003,0
45004,1
45005,0
45006,0
45007,0
45008,0
45009,1
45010,0
45011,1
45012,1
45013,1
45014,1
45015,0
45016,0
45017,0
45018,0
45019,1
45020,0
45021,1
45022,1
45023,0
45024,0
45025,1
45026,1
45027,1
45028,1
45029,1
45030,1
45031,1
45032,1
45033,1
45034,0
45035,1
45036,0
45037,0
45038,1
45039,1
45040,1
45041,1
45042,1
45043,1
45044,0
45045,0
45046,0
45047,0
45048,0
45049,1
45050,0
45051,1
45052,1
45053,1
45054,0
45055,0
45056,1
45057,0
45058,0
45059,0
45060,0
45061,1
45062,1
45063,1
45064,1
45065,0
45066,1
45067,1
45068,1
45069,1
45070,0
45071,0
45072,0
45073,1
45074,0
45075,1
45076,1
45077,1
45078,0
45079,0
45080,1
45081,1
45082,1
45083,1
45084,0
45085,1
45086,0
45087,0
45088,0
45089,1
45090,1
45091,0
45092,0
45093,1
45094,0
45095,0
45096,0
45097,0
45098,1
45099,1
45100,0
45101,1
45102,1
45103,0
45104,0
45105,0
45106,0
45107,0
45108,0
45109,0
45110,1
45111,1
45112,1
45113,1
45114,1
45115,1
45116,1
45117,1
45118,1
45119,0
45120,1
45121,1
45122,1
45123,0
45124,0
45125,1
45126,1
45127,0
45128,0
45129,0
45130,0
45131,1
45132,0
45133,0
45134,1
45135,1
45136,0
45137,1
45138,1
45139,1
45140,1
45141,1
45142,0
45143,1
45144,0
45145,0
45146,0
45147,1
45148,0
45149,1
45150,0
45151,1
45152,0
45153,0
45154,1
45155,0
45156,1
45157,1
45158,0
45159,1
45160,1
45161,1
45162,0
45163,0
45164,1
45165,0
45166,1
45167,1
45168,0
45169,0
45170,1
45171,1
45172,1
45173,0
45174,0
45175,0
45176,0
45177,0
45178,1
45179,0
45180,1
45181,1
45182,1
45183,0
45184,1
45185,0
45186,1
45187,0
45188,1
45189,1
45190,1
45191,0
45192,1
45193,0
45194,1
45195,1
45196,1
45197,0
45198,1
45199,0
45200,0
45201,0
45202,1
45203,1
45204,1
45205,1
45206,0
45207,0
45208,0
45209,0
45210,1
